X,Y
-71.11682606734047, 42.370743676935774
-71.11695863678207, 42.370161002567244
-71.09021380371891, 42.366877467670314
-71.08161149093073, 42.36430256870321
-71.09044203777505, 42.36616413343838
-71.11467590757914, 42.36652609350573
-71.07951189625626, 42.36657329712483
-71.06903454635439, 42.37086964730224
-71.06729690368995, 42.3696266677466
-71.12426960166617, 42.380873462843894
-71.12560426178807, 42.38215454583938
-71.08286798785083, 42.364363907625375
-71.09608347020688, 42.3731850226419
-71.0891695355702, 42.36331905830484
-71.0810841237686, 42.364247798059125
-71.12672632975385, 42.385793776010686
-71.1411410353661, 42.39449514129359
-71.15439997480422, 42.39535139624381
-71.07120082327441, 42.36940172881063
-71.09461058410493, 42.37109766318485
-71.11204557324096, 42.372588821872256
-71.10796082317326, 42.37219393091881
-71.11004700657016, 42.36901545189765
-71.12927252038233, 42.39368506423423
-71.14089105720849, 42.39512412231879
-71.1177520844064, 42.37469136324079
-71.13481914211657, 42.39354866659401
-71.11695851623472, 42.38328177713912
-71.08163311125469, 42.37117662722868
-71.08073270638216, 42.3710647930791
-71.09543981937054, 42.37310609128428
-71.09414613648732, 42.37278997176705
-71.08766674479267, 42.371946367139806
-71.12436066653285, 42.380509540157014
-71.1370679114815, 42.387360847625104
-71.12263449478864, 42.39120412289945
-71.07862338396514, 42.37163545524116
-71.08781470959322, 42.37139388330805
-71.11244997198246, 42.36118920086836
-71.12444053062826, 42.38981549987056
-71.13626403101993, 42.39750311980499
-71.10501772847597, 42.3753220138944
-71.10568839559133, 42.37556079893921
-71.10088743441418, 42.360348138217226
-71.08543406852506, 42.363309496308155
-71.11273989478472, 42.376978247705324
-71.08792988258242, 42.36813227133169
-71.09153007386085, 42.366974762350495
-71.09495563960652, 42.36530063878038
-71.09652533930273, 42.36394437801284
-71.11121133041092, 42.36783683330206
-71.14222507025939, 42.380577980071166
-71.08352849387663, 42.36949899688754
-71.09336494242864, 42.36460557549264
-71.10448140482231, 42.3567743107625
-71.13517676948538, 42.39150525801789
-71.15330356269001, 42.379643848053185
-71.10121714862971, 42.37259643848083
-71.0966145663589, 42.37231484622529
-71.13127592304511, 42.39770742837936
-71.13519719998195, 42.40162383614536
-71.100368242754, 42.37373768961736
-71.09956858612877, 42.37363639649278
-71.09705152684843, 42.37314283862143
-71.0869705608249, 42.37206104166511
-71.08696295613393, 42.3718314996431
-71.08562273505284, 42.37164186582058
-71.08470000810632, 42.3715741346033
-71.08609158541181, 42.37170801223551
-71.08302242791348, 42.37135924124416
-71.13104123662919, 42.382305664135046
-71.13291493400956, 42.381522985907296
-71.0990073505695, 42.37205618616541
-71.1294131878931, 42.39437468754565
-71.10302479312882, 42.37131355145251
-71.10139382590211, 42.373658568980325
-71.13635083828981, 42.39565101945317
-71.10399142846522, 42.362822422707026
-71.10543402127973, 42.36197232492595
-71.08337340261626, 42.37013958960318
-71.0971205132487, 42.373357145623274
-71.09544988922303, 42.372931932728235
-71.134468674162, 42.37776554324537
-71.08365165677675, 42.368041704668784
-71.12889145944564, 42.39304482698775
-71.10292408934907, 42.37018322052933
-71.1015702167925, 42.37208833400016
-71.096356802972, 42.37303519508796
-71.14130229869599, 42.38659901137409
-71.14930691069394, 42.374681493959656
-71.12397502262704, 42.37497255967119
-71.12416894123588, 42.37212141670709
-71.10718728671222, 42.37448432294129
-71.10324850724759, 42.374102441125885
-71.10217514554984, 42.37371615519974
-71.10141018563635, 42.37373455422534
-71.09073595166313, 42.37249590806586
-71.08987942389372, 42.37238084423334
-71.08766330381852, 42.372093849010376
-71.11902479976234, 42.39011309834614
-71.12230549055977, 42.39278831460588
-71.12155635434318, 42.39240780408345
-71.11982716483308, 42.39100416959135
-71.07864197287552, 42.36391806631318
-71.07613999733536, 42.3704327385307
-71.1030223864027, 42.36229290439599
-71.12558026038894, 42.39025269358119
-71.1249788460888, 42.39094986685759
-71.12398432094783, 42.391634392573714
-71.12370419084517, 42.39184161380582
-71.12461890989738, 42.391151067671295
-71.13808225753706, 42.374575463809876
-71.10402232634323, 42.3589919269649
-71.08119147484629, 42.37196468388893
-71.08624662266855, 42.3710381092097
-71.08544335896256, 42.371811873763896
-71.07094385156336, 42.370177153767
-71.14032130692465, 42.38852667006578
-71.12087082215217, 42.389830026441054
-71.15030559316686, 42.3935344538669
-71.12986800778225, 42.39688652454058
-71.1268137395684, 42.394590201864546
-71.13688100307353, 42.393080826291865
-71.11574450635827, 42.36639743130585
-71.10738955281349, 42.36775725305259
-71.08667237175236, 42.359459309474204
-71.0953183001461, 42.36231146950429
-71.09698914923425, 42.36161180520599
-71.1056934482604, 42.355969132386996
-71.1000722808841, 42.36153080534265
-71.07999824529479, 42.37096908938805
-71.10694624824019, 42.374978996981774
-71.10822068397343, 42.376997658356395
-71.08121134312385, 42.36772896597635
-71.11999348513498, 42.3726252035501
-71.13518053174359, 42.37244664083502
-71.15031087570463, 42.37689034094319
-71.10330318825689, 42.37344435361439
-71.10105943513383, 42.36036780635741
-71.11044547532639, 42.368859786010226
-71.10832467417647, 42.36727029393457
-71.09119085626998, 42.36558944261906
-71.1448406148163, 42.38254427572322
-71.11793189449871, 42.3891818167666
-71.1188167444121, 42.38863607615572
-71.13428167962775, 42.402529952644244
-71.13254011223121, 42.4004717987452
-71.11263794315092, 42.36249908993377
-71.08766859721084, 42.36561682340656
-71.1369031097862, 42.39257050128457
-71.13175921524811, 42.40103671807689
-71.11471309842575, 42.36937487154652
-71.1444168913122, 42.38329429140609
-71.14348220900746, 42.38351399723039
-71.10252562866529, 42.36286654034696
-71.09167435245261, 42.36166684725727
-71.09278766240976, 42.361266316481824
-71.09035542537231, 42.362305397837474
-71.09888242874165, 42.36165579826653
-71.09849458631112, 42.36219190102197
-71.09039088797248, 42.373171369327345
-71.09023649769662, 42.37377023563385
-71.09035637102579, 42.373998119087744
-71.08829907731533, 42.372231491605405
-71.08798700064408, 42.3735089772271
-71.13616997292871, 42.40025398365874
-71.07815765717366, 42.37012568396295
-71.13007087534518, 42.397476682421
-71.1509617200264, 42.3913831026945
-71.12773637284945, 42.38170446767254
-71.1285939330298, 42.38155694678892
-71.11812386568502, 42.37745664599374
-71.11565436078713, 42.37476551587427
-71.10147566853512, 42.36691338941859
-71.11525851793598, 42.367063687697474
-71.10388071573394, 42.37489463882942
-71.10472788591034, 42.36991988245523
-71.13322482125778, 42.39993664239613
-71.1150983303038, 42.36394974813806
-71.10952116267867, 42.35603216264321
-71.10629071079367, 42.36364237233147
-71.11102335815978, 42.356775357243635
-71.08737176700009, 42.36621088171309
-71.13861153806435, 42.39867055447556
-71.13788553551493, 42.39862433570814
-71.08257545320805, 42.36510975069506
-71.08584477266552, 42.367516803928
-71.09218987320139, 42.362679075391
-71.11485521957387, 42.37357081786245
-71.13219223602684, 42.40156677208501
-71.0852588716964, 42.362140186592804
-71.11784634287768, 42.37895087032351
-71.11849493332096, 42.37873169836877
-71.12335623907987, 42.385979915572264
-71.10532893911802, 42.35491641437371
-71.119424097303, 42.3865907064362
-71.0801217332841, 42.36479457710788
-71.11487962445021, 42.36582001711903
-71.11503632437021, 42.36527604112919
-71.06975564420134, 42.369655552930865
-71.1305620363873, 42.38996235778662
-71.13283920752245, 42.40198714735345
-71.07928149009359, 42.3675554707322
-71.11984999897514, 42.38941417689946
-71.1207494859319, 42.39040034943172
-71.11884776605523, 42.39064555209667
-71.11873596570632, 42.391176868518556
-71.12205765275344, 42.39182349789527
-71.12304413473775, 42.39228756443054
-71.12150743323937, 42.39333684964028
-71.12016906535301, 42.39283557697831
-71.12103486488587, 42.39177104700626
-71.12007828554437, 42.39104931646014
-71.12202296298165, 42.39102003097758
-71.12447864582676, 42.39242782599631
-71.12385723023112, 42.39302504669472
-71.12519512951974, 42.393147260202994
-71.12623637697975, 42.394100543318295
-71.10385119350282, 42.3537664369186
-71.10656424217225, 42.35350619765148
-71.09375018921608, 42.36063642782207
-71.09541441610372, 42.36253359216064
-71.09607827758164, 42.36253324062125
-71.09670387053316, 42.36136033728407
-71.09780937436484, 42.362660879432234
-71.0998029799504, 42.362847923426365
-71.10796107353791, 42.35728255658127
-71.10672920442168, 42.35770411931396
-71.10474132964063, 42.35842818690466
-71.10202673039267, 42.35920758985383
-71.10381002863201, 42.36120270215016
-71.10181120975288, 42.36001945623582
-71.10119211061468, 42.35965164564308
-71.09945413254404, 42.36097227934636
-71.09998747837102, 42.3607187634874
-71.10110016820025, 42.36140592193132
-71.10054221095963, 42.361965935776674
-71.10020280301109, 42.36249250351719
-71.09841702410979, 42.3614283043996
-71.14758063039093, 42.38874199030815
-71.08264922054741, 42.3728468078695
-71.08106652992348, 42.37264385669826
-71.07981781170712, 42.37238093515698
-71.07846320948603, 42.370917932850425
-71.08138061634389, 42.3712911408982
-71.13474131224552, 42.383380811042265
-71.13543895271751, 42.38247305684379
-71.13536970601828, 42.38434358165475
-71.13401459184824, 42.383743427836244
-71.13312314026989, 42.3832888633463
-71.13235670188664, 42.382986944128696
-71.13051702878988, 42.38136026846122
-71.13139371731674, 42.38202816072322
-71.13209080725736, 42.38147522038755
-71.13187526285564, 42.38065820898251
-71.13131576099231, 42.37949997756528
-71.13255256683, 42.37927601746053
-71.13233854348731, 42.37853444321027
-71.1308428696361, 42.378820010172355
-71.13026341392792, 42.37799293348536
-71.13024913566045, 42.37766778152877
-71.12994646894602, 42.375456896254086
-71.1295144866138, 42.3754103110012
-71.13062663204711, 42.37484224786919
-71.13040768168862, 42.37478179849857
-71.13114268049402, 42.37518616126805
-71.13208196466559, 42.37472989678871
-71.1320746913358, 42.37552528673629
-71.13298748016018, 42.374914372148226
-71.13364622730427, 42.377296894277066
-71.13311959685241, 42.37740094578835
-71.13155970274298, 42.37764814809114
-71.1290116208763, 42.37749151191268
-71.14851308424808, 42.388600898619124
-71.12856825328402, 42.37658567812766
-71.12926304262696, 42.3759066260517
-71.13043145517625, 42.376312839395915
-71.13152610968018, 42.37626983800385
-71.13247176497082, 42.37621651706945
-71.13200954699526, 42.376765640290046
-71.12713608605361, 42.37569715021121
-71.1282430105638, 42.375664101074484
-71.12924343163523, 42.378290875754296
-71.12972579971277, 42.37935428063469
-71.12907734936533, 42.381190682295895
-71.12734239688251, 42.38020335563349
-71.12589886133365, 42.37945776209799
-71.13722302619466, 42.38783593247155
-71.1423390916745, 42.39007254960577
-71.14424904454891, 42.390074333914185
-71.14604948510585, 42.391638277153625
-71.15283271512747, 42.39498828285606
-71.15077845539682, 42.39216937488358
-71.149582702304, 42.39218663479341
-71.1478901165824, 42.39126481305202
-71.14788584447933, 42.390503709008506
-71.15372135142772, 42.391675836288655
-71.1555986636616, 42.391861740396436
-71.15442306599313, 42.39349145882977
-71.15564156865264, 42.393439786465926
-71.15627965181345, 42.392283846098074
-71.15686251026867, 42.392765683900116
-71.15477649954266, 42.394281817065384
-71.15622990791738, 42.39425319496859
-71.15801225268395, 42.39355065983392
-71.1576487133683, 42.39237835268176
-71.14834222741231, 42.389316352100174
-71.14859948023636, 42.388986105947595
-71.14416924852209, 42.38205652429804
-71.1447296062866, 42.38176018382776
-71.15462023793071, 42.381092197658845
-71.15751790112098, 42.38791086867164
-71.11717166517839, 42.372982267474875
-71.11642993439688, 42.37256418009333
-71.11815577542224, 42.372747922235554
-71.12175470630062, 42.37299501034332
-71.1229706576343, 42.37322025756857
-71.12248820197084, 42.37398647863694
-71.1247206571564, 42.37408166390065
-71.12539881759874, 42.37327311688743
-71.12548279580298, 42.3743594209392
-71.12484767544714, 42.37506635764863
-71.12002300032181, 42.37381661617908
-71.12065483601864, 42.37422551276143
-71.12314277929529, 42.37537534992441
-71.12383534269478, 42.376619097547454
-71.12331892231123, 42.3776112515019
-71.1252117383542, 42.37806983541376
-71.12686200028683, 42.37820796134159
-71.12664944814789, 42.37885650201974
-71.1279537148253, 42.378599157656396
-71.12282993539704, 42.377390531977156
-71.1224272863073, 42.37644481974312
-71.1232204890847, 42.37824370123525
-71.11948179944117, 42.38175263071395
-71.11908110079096, 42.38578991409227
-71.11909949141175, 42.387594770074074
-71.1192374876693, 42.388084170068765
-71.11623241042315, 42.38302495668605
-71.11602961833336, 42.3830693890996
-71.11609646564493, 42.38252869907771
-71.11213233339454, 42.3815780748388
-71.1149540986293, 42.381702400354115
-71.11113401842361, 42.38157459164687
-71.11158679574727, 42.381069107283246
-71.11157255672065, 42.38037402850843
-71.11135092186527, 42.37955514162243
-71.10851049756234, 42.37869883390411
-71.10901014031013, 42.37696648751727
-71.1110562558676, 42.37442404992984
-71.11142916106758, 42.37222760543343
-71.11500989921552, 42.37183310216093
-71.09976477234025, 42.363339149210944
-71.09795022478269, 42.36337101213219
-71.09757630975746, 42.36320216709002
-71.10335731912224, 42.366398980719545
-71.10379998507035, 42.36666519425913
-71.10087973796516, 42.36774899441282
-71.09830589434159, 42.36644699335866
-71.09729902518536, 42.36670523982144
-71.09760990010763, 42.36588371686342
-71.09741869769248, 42.36397221375395
-71.09494915442603, 42.366796601335714
-71.09458503115883, 42.366285634674405
-71.09348095368259, 42.366273692491
-71.0938524540458, 42.365950976960114
-71.0921950761246, 42.36570095968519
-71.09591621077156, 42.36559399996642
-71.09498089490164, 42.36580022594188
-71.09410377768127, 42.365432233783096
-71.09395973758805, 42.364860047445596
-71.09537424212854, 42.36471141776534
-71.09436584286627, 42.36435832125776
-71.08976879034377, 42.358424545165924
-71.12937086300622, 42.39810444121537
-71.13007818433232, 42.39856860075197
-71.13098935771717, 42.39820181269034
-71.13078850370836, 42.398910260580436
-71.12997191616552, 42.39952092291467
-71.13051315512386, 42.40007334902188
-71.13245346778109, 42.39951221454024
-71.13152714159274, 42.40023153623067
-71.13143028420035, 42.400429093788496
-71.13299781956825, 42.401460940928956
-71.13437853132879, 42.40042732389496
-71.13408462908839, 42.400804913924674
-71.13462610866824, 42.40126935795386
-71.14129021125672, 42.39709286940467
-71.14011868238353, 42.39877758099662
-71.10486436434623, 42.36247481375707
-71.10208829332878, 42.36333128017579
-71.10154411537619, 42.36397415584685
-71.10336809277713, 42.3640468619091
-71.10361504363593, 42.364365403187385
-71.1044386085581, 42.363083590222885
-71.105566029889, 42.36320860134417
-71.10532789290936, 42.362310722813916
-71.1071339490375, 42.36137972003216
-71.10702075519055, 42.360726681693535
-71.10627532729552, 42.35997540154858
-71.10753505425255, 42.360028970397714
-71.10878043734849, 42.35992909530216
-71.10955315319399, 42.35946871475278
-71.10948250422868, 42.35843790621019
-71.11024327466644, 42.35751349271872
-71.11145680184178, 42.35659050688494
-71.11528731141001, 42.3579294397942
-71.11426762497446, 42.35900676657913
-71.1134706793603, 42.357827166633456
-71.1128530296001, 42.35734499624028
-71.11314950007241, 42.35826349353631
-71.11393393392694, 42.3587721649294
-71.11265593678696, 42.3595126202436
-71.11036203235865, 42.359926910538086
-71.1110759699153, 42.35919980763045
-71.11042125813574, 42.358552693626365
-71.11101617450595, 42.358004402904655
-71.11187464092801, 42.35848267369161
-71.11281177154619, 42.35900119269571
-71.11288034570929, 42.36013797433641
-71.11344079389963, 42.36107236862125
-71.11194350812735, 42.36077176393814
-71.11146407952243, 42.36117530206059
-71.11090953633258, 42.36167004087077
-71.1102080426058, 42.362197748253
-71.11002435710222, 42.36124661871307
-71.11134641339214, 42.36196564576989
-71.11148754088379, 42.3620075119017
-71.11174022535621, 42.3623043425979
-71.11200403875142, 42.362252875818896
-71.10965193690203, 42.362745145710065
-71.10905793451191, 42.363204331800006
-71.10857475447243, 42.36365465561109
-71.1050204929596, 42.364474026223796
-71.10566847536899, 42.36390470743959
-71.106235850025, 42.36343869121967
-71.10679797245866, 42.36317022890504
-71.10726920494325, 42.36241937936585
-71.10771607144487, 42.3622569927117
-71.10785789133536, 42.36192165567081
-71.1082786477978, 42.36174334187993
-71.108407799472, 42.36140155870295
-71.10865054393268, 42.361246652311486
-71.10894960406613, 42.36087894555643
-71.10959400913003, 42.36054594349963
-71.11562032221103, 42.3595835584165
-71.11525638765079, 42.361746779203415
-71.11423430305142, 42.36209077583835
-71.11365651485585, 42.36228522681718
-71.11339930972203, 42.3623743460817
-71.11226094095399, 42.36275745759994
-71.11149382753777, 42.36301230480479
-71.11115804253133, 42.362452563613424
-71.11082709679044, 42.36294417392616
-71.11050738636062, 42.363390157232644
-71.11059552139255, 42.36394408922848
-71.10903968190136, 42.36383822690166
-71.10778754279302, 42.36425932625026
-71.10744768263966, 42.3642449317632
-71.106627860744, 42.36448731947743
-71.10595298200103, 42.36487959430736
-71.10600264267237, 42.36580344477535
-71.10931964507779, 42.36777395226132
-71.11083979906878, 42.368391687278546
-71.11207249323068, 42.36883869119536
-71.11333665658266, 42.36920971665279
-71.11432921685397, 42.369292200921315
-71.11336917422544, 42.368570037706846
-71.11215504287247, 42.36816271072581
-71.10984960472973, 42.36724098778871
-71.108359522498, 42.366470834487465
-71.10735084975634, 42.365870018170824
-71.10820603024156, 42.36509918380401
-71.10887943120002, 42.3648495709171
-71.10923467100564, 42.36601356986754
-71.11143054675549, 42.36730895413704
-71.1113367140973, 42.36930553278938
-71.10958175044378, 42.36865593112982
-71.10591088616992, 42.36662840019957
-71.10474500762518, 42.365884505906834
-71.11007187385009, 42.36566473857133
-71.1110069305827, 42.36668789064933
-71.11186626622678, 42.36680399801838
-71.1114698018119, 42.36462434647095
-71.11469820883829, 42.36416521468996
-71.11464007105911, 42.36283679456151
-71.11377431327035, 42.363295333283766
-71.11385436232797, 42.363787415724275
-71.11305017045197, 42.36500338938327
-71.11213201239197, 42.36529987301971
-71.11361523448043, 42.36660255690294
-71.11366274963875, 42.365849052080016
-71.11389636873152, 42.365029043258936
-71.1140916433161, 42.366158856794755
-71.11573383261786, 42.3658285732115
-71.11585302876075, 42.36781214771139
-71.11468175148526, 42.367236858275
-71.11452924025842, 42.37041720233618
-71.11614346323526, 42.370941310339454
-71.11664399396601, 42.36989109075077
-71.11726960501804, 42.3696014702893
-71.12010226915096, 42.369887983027
-71.11920404456806, 42.36986091741094
-71.12223007030565, 42.36981018176735
-71.12133072114338, 42.37096054957675
-71.12080641701036, 42.37166086621841
-71.11812583106246, 42.37119219801867
-71.11998114672546, 42.371302144654784
-71.1205219505993, 42.37054528874281
-71.11922458173818, 42.37106048638315
-71.11910930687284, 42.370627064091494
-71.11841309794995, 42.370453923419504
-71.11714744223524, 42.37135957490837
-71.11519687289552, 42.37062857052955
-71.11551054820858, 42.37014752918439
-71.11598540868948, 42.36960182680073
-71.1240401395279, 42.378902625965644
-71.1231403926682, 42.3794279590039
-71.12280038556743, 42.37943291424987
-71.12202677112322, 42.37974929251418
-71.12164525937114, 42.37971465599837
-71.12015506163173, 42.38003522969522
-71.12001511657837, 42.38074387249566
-71.12111696003198, 42.38102953488574
-71.12167618988295, 42.38048191254788
-71.11988953178265, 42.381630660161825
-71.12088062664706, 42.38165538042054
-71.12197598102009, 42.38145235561778
-71.12282667871926, 42.38107212993167
-71.12392404366908, 42.380648449603264
-71.12505104413805, 42.380208119164905
-71.12354045905838, 42.379928666935086
-71.12359599638616, 42.38189551826742
-71.12449324672423, 42.383012114128036
-71.12360002720197, 42.383371213093675
-71.12270052985026, 42.38230751713434
-71.12177925954057, 42.38275658572487
-71.12269154517473, 42.38381701814417
-71.12195421880143, 42.384163729511485
-71.12120833760932, 42.38440595685298
-71.1203293070404, 42.38463231583653
-71.11976913352665, 42.383403837609066
-71.12104597420092, 42.381961179484904
-71.1205545538868, 42.38250159445059
-71.1260857605053, 42.38145434933887
-71.12737507888205, 42.380439579895885
-71.12963497829419, 42.38165016329149
-71.1291102114859, 42.382217182988754
-71.12898153352226, 42.383033787003214
-71.12546196037985, 42.38256361138898
-71.12544460595991, 42.38371964260928
-71.12624956273706, 42.383030882787224
-71.12669362212759, 42.38357586981021
-71.12599805850355, 42.384659473344335
-71.12735579851498, 42.38402180207246
-71.12817100563997, 42.38454405818924
-71.12645193155717, 42.38530625658481
-71.12674074013614, 42.38636166127413
-71.12745942054181, 42.387342752341056
-71.12589979732232, 42.38780781253567
-71.12540120855965, 42.38696204113909
-71.12550445946866, 42.386724888862936
-71.12520488964657, 42.38622053039336
-71.12459627579493, 42.385195066053605
-71.12430738742279, 42.38445106466951
-71.12268045097706, 42.38469580641303
-71.12413404039692, 42.38689523933698
-71.12282580075897, 42.38734747776084
-71.12176986344231, 42.38781668408073
-71.11931398469649, 42.38719836589234
-71.12138203298035, 42.38716955718098
-71.1212717745526, 42.386384283116946
-71.11940502409767, 42.3860929317921
-71.11954615177419, 42.38554265616317
-71.11952334628495, 42.384989342059676
-71.12111501060896, 42.38561178191928
-71.12207577730042, 42.38544422321749
-71.12138059680873, 42.38455842073561
-71.12483584229047, 42.38707612973922
-71.12409891063007, 42.38731896573128
-71.12390804631163, 42.38793292894887
-71.12124110626867, 42.38801451099393
-71.1251458984514, 42.389010665103214
-71.12659213411057, 42.38924261880747
-71.12787084710135, 42.389445563562155
-71.12816042928375, 42.388732015595835
-71.12817003858734, 42.38836043207648
-71.12911610642858, 42.38818666672353
-71.12704400462442, 42.38855263653375
-71.12560572264668, 42.38832409036089
-71.12942226837343, 42.38679134565424
-71.13142939073164, 42.38723903789737
-71.12998204565788, 42.3877601530875
-71.1324955111922, 42.38924010850803
-71.13139394732391, 42.38903991803588
-71.13046123862675, 42.38918971818241
-71.12952950865014, 42.389440617144665
-71.13277021683919, 42.39038872227393
-71.13404845511913, 42.39046358971242
-71.13268318480321, 42.388724025115586
-71.13228423675275, 42.38799609937939
-71.13174859712137, 42.38720323294705
-71.13109224646922, 42.38624580729878
-71.12922561919147, 42.386174361271024
-71.12815299503984, 42.38534300370898
-71.12984316445198, 42.38462269516823
-71.12965232022292, 42.38539819832097
-71.12981171998149, 42.38595414231934
-71.1307753475493, 42.38386502213935
-71.13140635695561, 42.383411504145045
-71.13233288502997, 42.38386742631172
-71.13076671473254, 42.38234058061964
-71.13316857068104, 42.385942185874704
-71.13392364910182, 42.386277486746486
-71.13460812635736, 42.386413383238825
-71.13611385960296, 42.38552156455378
-71.13706616291047, 42.38646577208058
-71.14111908397088, 42.38707854098263
-71.14089883429983, 42.387256410690895
-71.13924261542523, 42.3895774262557
-71.13850443608598, 42.39072745491265
-71.13779905567513, 42.39094620804292
-71.14161977803553, 42.39036631224557
-71.14288131523236, 42.38896416320164
-71.14070330539244, 42.38912860686836
-71.14302445925546, 42.38865580464067
-71.13667031311591, 42.38483824038685
-71.13398743893454, 42.39983478605356
-71.13420389936181, 42.39905863260595
-71.13303857090162, 42.39934569115356
-71.08917030151494, 42.365963728933856
-71.0890405847991, 42.365677162413796
-71.08520286844981, 42.36593677325215
-71.0841213243463, 42.36580045034337
-71.083140394581, 42.3656742954682
-71.08194049719519, 42.3643818925399
-71.07956926630494, 42.36206966447224
-71.08039396441775, 42.3620428145746
-71.08108365398945, 42.36209502070327
-71.08262910995298, 42.36221009841866
-71.08387237017583, 42.36253147058204
-71.08466890543252, 42.36455901465139
-71.08355659688804, 42.36393961303716
-71.08447533201769, 42.36290680490293
-71.08623986783842, 42.363602373012974
-71.08709369946168, 42.36396318504067
-71.08833738425285, 42.36448923586312
-71.09034575137323, 42.36279344154002
-71.08952399025604, 42.36385016259383
-71.08923042635304, 42.364563443020984
-71.08766898189432, 42.36385345834493
-71.08724815504583, 42.36379414907944
-71.08644095370472, 42.36342935800385
-71.0859351710807, 42.363253246899944
-71.08530536252901, 42.36297658224293
-71.08753183305896, 42.35967131008286
-71.07225511433738, 42.369675276597995
-71.07119506308055, 42.36986808556723
-71.07107419972706, 42.370439875514954
-71.0718412932695, 42.3694336134947
-71.13321595249052, 42.39862877044117
-71.13228665766526, 42.39891299330354
-71.1310314431685, 42.39793234334017
-71.13083147765022, 42.397296139297424
-71.13150673868356, 42.397177878952746
-71.13148061148523, 42.396128788060544
-71.13227187309873, 42.397230036762245
-71.1322384085227, 42.39646201777128
-71.13218829768083, 42.39532738145305
-71.13215685414139, 42.39447182711388
-71.13201856973701, 42.3935395081029
-71.13306737536548, 42.393879827581806
-71.13328037975221, 42.396607738932765
-71.13316906591317, 42.39670763051458
-71.13319518643856, 42.39724090095481
-71.13431278443613, 42.39649326059665
-71.13414530941238, 42.39576756770552
-71.13424617196843, 42.39466801209046
-71.13421079457227, 42.39372040921331
-71.1352444744828, 42.393739767200216
-71.1352767116392, 42.39465143318784
-71.13538524364479, 42.39736088676723
-71.13639298373477, 42.396635952246555
-71.13628419755588, 42.3937809957054
-71.13664191099646, 42.393695748029764
-71.13707706674558, 42.39288162426171
-71.13720108209486, 42.39382875118764
-71.13861542171493, 42.39386675547957
-71.13870845020557, 42.39395679455597
-71.14114348636637, 42.39479788950303
-71.14253083954276, 42.39542055141158
-71.14293189625403, 42.396281545910426
-71.14297177531607, 42.39457516217904
-71.14461742599545, 42.3946142088194
-71.1481731431714, 42.39518201195228
-71.13511199595983, 42.392498418159086
-71.13287169564347, 42.392402816931835
-71.13292188780517, 42.3933842866403
-71.13281185737479, 42.39117530097294
-71.13188366532123, 42.3933901994548
-71.13185839657498, 42.391129929021005
-71.13128301095603, 42.39092010754225
-71.13052654632457, 42.390962997469614
-71.13067277949071, 42.39159844406549
-71.1308767168902, 42.39248880734979
-71.13020290498739, 42.39258305468155
-71.13077576133787, 42.393341281150896
-71.12923611422777, 42.392974227179444
-71.12920911253217, 42.39209182226021
-71.12929592833635, 42.39121123309519
-71.12930015688454, 42.39057188670049
-71.12776504679205, 42.39042737479536
-71.12828658682751, 42.39153404755868
-71.12694561933283, 42.390390301925684
-71.12756871358079, 42.39107437807101
-71.12761778020025, 42.39252624742418
-71.12654024229676, 42.39244963466234
-71.12657153536877, 42.39163669444994
-71.1264056550797, 42.390940036770274
-71.12504053760246, 42.391723925548675
-71.12535597504744, 42.39251254451581
-71.12710352870077, 42.392574006005646
-71.12758940312986, 42.39271494601015
-71.12901287276225, 42.39302480955404
-71.12854487722244, 42.39373439428174
-71.12787907239185, 42.39345461639532
-71.13078240881069, 42.394867026117815
-71.12984214768774, 42.3952850938696
-71.12884028758715, 42.39589866399759
-71.12808065034363, 42.395184272549045
-71.13065444603727, 42.39362769994196
-71.13087190442144, 42.39364738745971
-71.13090402494987, 42.39518174717189
-71.13081892024158, 42.39642660538179
-71.12728900312281, 42.39453623161025
-71.12631420317906, 42.39364663464458
-71.12482061643352, 42.39241155702056
-71.1260558080991, 42.38981772164134
-71.12509307030278, 42.39004571596241
-71.12337647130967, 42.39031614634002
-71.12340777000405, 42.39126526429342
-71.12254976260556, 42.39068147865469
-71.12330626678936, 42.389800910199284
-71.12364733354384, 42.389403206906856
-71.12180845798306, 42.39058686724068
-71.12171539815338, 42.39042975623092
-71.12243387564169, 42.3895926072383
-71.12274140367632, 42.3892361855713
-71.12146684546681, 42.38931185693787
-71.12011016418487, 42.38919014136589
-71.11977891300565, 42.38878442060153
-71.1019282318021, 42.37394160231102
-71.10590940651986, 42.37676852215657
-71.1055306027217, 42.37641004850622
-71.10776295338748, 42.37469045146074
-71.10593706480955, 42.37450305947943
-71.10504190632625, 42.37506023939586
-71.10244390723498, 42.372094837557555
-71.10364318432228, 42.370475412526545
-71.10460263105402, 42.370873424216555
-71.1036944947209, 42.37193616937463
-71.10296281329276, 42.37279334114194
-71.10374879536995, 42.37298593016175
-71.10358329595269, 42.37401077699761
-71.10391235881943, 42.37331972365507
-71.10463207954591, 42.37246800416366
-71.10540003951596, 42.37152293603313
-71.106727319152, 42.371692180061
-71.10604271255917, 42.37253816319996
-71.10542292227503, 42.37330269055703
-71.10491063111753, 42.37418706331998
-71.10663318870695, 42.37380951825255
-71.10737245418264, 42.372905808132394
-71.10785450359889, 42.373297842497294
-71.1096151070312, 42.37283275909625
-71.11017813941574, 42.37199556306311
-71.11067362055651, 42.37125466611678
-71.11142960457452, 42.37031428341108
-71.11172416421907, 42.36958315262638
-71.11078201182366, 42.36924384314584
-71.10883729581126, 42.36848456652587
-71.10777756821207, 42.36919965821576
-71.10687066542653, 42.37013223494116
-71.10620132550635, 42.371244922730405
-71.10691174689998, 42.370855817600685
-71.10791575700893, 42.37122027456815
-71.10727234174084, 42.371712026116484
-71.10864104924194, 42.372201012457694
-71.10904765369813, 42.371593605744465
-71.10965166289304, 42.37067799872982
-71.10983410190326, 42.369827708030435
-71.10804521941526, 42.36809832018485
-71.10681178055765, 42.36867647149938
-71.10598233930554, 42.36974111870307
-71.1053388346364, 42.37022291115953
-71.10402695757004, 42.369687696386016
-71.10366676299454, 42.3690761601833
-71.10459415548723, 42.36769210216619
-71.10621239557746, 42.36701159896766
-71.10533759384384, 42.36796891489742
-71.10426551252921, 42.36907102277423
-71.10499337335288, 42.36939436299531
-71.10601235369712, 42.3683926798917
-71.10690273340066, 42.367432188742306
-71.1081483074381, 42.370346461406676
-71.10711051301803, 42.370058172861384
-71.10207956349166, 42.371369554126474
-71.09970377381273, 42.372697938634154
-71.09875643255073, 42.371920568466486
-71.09816523104293, 42.371351850301245
-71.0993291027115, 42.36969317938614
-71.09984074321392, 42.36896870503388
-71.1010396373614, 42.369185124043526
-71.10040627253322, 42.37007636978178
-71.09999764571131, 42.3706500009489
-71.09979853976631, 42.37093181114018
-71.09742066931662, 42.371084285657695
-71.09682134342083, 42.37033622792665
-71.09622571107289, 42.36974582373472
-71.09682482485654, 42.36869631114413
-71.09598707323484, 42.36859401542482
-71.09600232339749, 42.36832650840753
-71.09585284398923, 42.36735329798417
-71.09824493143778, 42.3682931300391
-71.09898278605225, 42.36863867524579
-71.09851029277421, 42.369452182066695
-71.09744994414844, 42.36931701760023
-71.09394810984584, 42.37373742509541
-71.09453526928716, 42.37305740542139
-71.09467307673226, 42.37300303356085
-71.09504437167344, 42.37027040843108
-71.09546377637673, 42.36954306126715
-71.09572644615527, 42.3706319037095
-71.09532321046717, 42.37132416120579
-71.09487128459013, 42.372118213070216
-71.09672078143963, 42.37244164425854
-71.09583123382271, 42.37390440004232
-71.09642519105418, 42.37433932212138
-71.0975314334611, 42.37234910702246
-71.09830463707446, 42.373259766165326
-71.09792744035786, 42.37342496575514
-71.09759943633372, 42.37400011329785
-71.09904969704905, 42.37413617345377
-71.09913848211353, 42.373762669509645
-71.0990142072144, 42.37356671242597
-71.09951473108438, 42.374385994966055
-71.10104996925448, 42.374002081664464
-71.08904557929773, 42.373614102618696
-71.088859269081, 42.37304633730319
-71.08897703750166, 42.37232174627361
-71.09121916203254, 42.372650977286355
-71.09104557878763, 42.37342578932066
-71.09089418882411, 42.37401545474232
-71.09190864900233, 42.37264951681165
-71.0916520266589, 42.373582439511345
-71.09151501204265, 42.374059587010116
-71.09283621567974, 42.374051619948574
-71.0931589249462, 42.37280912738862
-71.09352065880411, 42.372852894787066
-71.09171323311071, 42.37247209880094
-71.09196161546419, 42.3722123682416
-71.09238904992961, 42.37175821413826
-71.09341016976937, 42.372077326547064
-71.0936811853459, 42.371514557188696
-71.0940341737655, 42.37164303094684
-71.09291544595676, 42.37075183712124
-71.09306526067874, 42.36997903103526
-71.09416229943204, 42.370238690108785
-71.0946447875702, 42.368898946827635
-71.09239491892517, 42.367073081712086
-71.0931007610018, 42.36747984392283
-71.09404534487356, 42.36697492561221
-71.09333108200236, 42.36637153285138
-71.09410881231325, 42.36666826535704
-71.09503479847415, 42.3679166641905
-71.09422185361171, 42.36849131042871
-71.0937253068666, 42.36805031883118
-71.09281453618753, 42.368398596038496
-71.09306120353706, 42.36917817182785
-71.09344824917473, 42.3696833902435
-71.09206995075346, 42.36662649331267
-71.09146689428424, 42.367847357943546
-71.09212173373963, 42.36823905485894
-71.09188383953577, 42.36882934840703
-71.09270789708282, 42.36909434343049
-71.09129188047515, 42.369470823240384
-71.0908812653088, 42.37020251541956
-71.09067927796072, 42.370553411938914
-71.0905640258595, 42.37074579558214
-71.09026624380532, 42.37128269554716
-71.0886651760275, 42.371631030975635
-71.08959232604201, 42.371380739209066
-71.08932555319934, 42.37073334049297
-71.08934456793013, 42.370441166551565
-71.0886022426446, 42.37012316443188
-71.08887537709333, 42.36908156140078
-71.0896071767755, 42.37023980942158
-71.08991938976422, 42.37047873164701
-71.08996927494633, 42.36934566994764
-71.09044215507839, 42.36850733353199
-71.090529569501, 42.368890930962834
-71.09072114352982, 42.36845622420731
-71.09017267706608, 42.367548372387326
-71.08942722023201, 42.36723034268129
-71.09194541560635, 42.36587954144436
-71.09154960517215, 42.36656323329611
-71.11214074535246, 42.35611630109568
-71.11336930633821, 42.35680996716999
-71.11115490712201, 42.35555229717219
-71.11011382305634, 42.356255013956826
-71.10884764877923, 42.35671598929388
-71.1093719152995, 42.357232235604194
-71.10728503412037, 42.358175756990796
-71.10673756706846, 42.35870329114221
-71.10533775632689, 42.36004464380075
-71.10475605205731, 42.36061663883197
-71.10596268791394, 42.36133348602037
-71.1066222281721, 42.360811756145324
-71.10417460616043, 42.36108652703787
-71.08643387627728, 42.37296784229926
-71.08037419916417, 42.371856320749565
-71.07957317300996, 42.37174419176691
-71.07511719949521, 42.37034386515721
-71.07763132918357, 42.37171586889963
-71.07925596412214, 42.37246734888664
-71.0804307598423, 42.37306368947855
-71.08115696768739, 42.372953684669305
-71.07435543263705, 42.36962444051914
-71.07456747387967, 42.369032147385404
-71.076318830988, 42.369582263107006
-71.07559127047018, 42.36883792678435
-71.07488136783563, 42.36855091713348
-71.07469271144156, 42.36795435933015
-71.07495876596681, 42.36768226108974
-71.07529115546427, 42.36686766782431
-71.07631774308857, 42.36580390074569
-71.07853362120207, 42.36327000697106
-71.0801577563133, 42.37028554847355
-71.08160891189951, 42.37043739898517
-71.0832160889629, 42.37082528836079
-71.08577451098185, 42.37097607291902
-71.08710590619089, 42.371294674230924
-71.08324546444736, 42.37129380488044
-71.07865522087084, 42.37024591384796
-71.07788066771008, 42.36929795847059
-71.07881799471973, 42.36956819117395
-71.0790286346574, 42.36944526423267
-71.08167434819678, 42.36988589418011
-71.084977618232, 42.37030691655136
-71.08726715186846, 42.370668947757714
-71.08725871695522, 42.36990690465793
-71.08183174246122, 42.369204871996246
-71.08017398906755, 42.36902420690716
-71.07897296076408, 42.3688982387938
-71.07824606580724, 42.368744476400735
-71.07747211339395, 42.368690568622256
-71.07767207607863, 42.36783242928757
-71.07934731437653, 42.368185209920384
-71.08201434295951, 42.368534527255214
-71.08369410727938, 42.36880013024647
-71.08766482924506, 42.36906265463159
-71.08001806532573, 42.367477118659956
-71.07992512592031, 42.36815226765659
-71.07856936101763, 42.367288497994736
-71.0777796773315, 42.367359846532
-71.07798142940409, 42.36648044635623
-71.08155608235487, 42.36728053676564
-71.08396796657925, 42.36738865586438
-71.08565422349987, 42.36763079368369
-71.08746903341954, 42.36772911237683
-71.07964588430916, 42.36600126053098
-71.08251108033343, 42.36579378161928
-71.08462082147597, 42.366063175535594
-71.08589403331159, 42.36622975571345
-71.08661718533864, 42.36632523731955
-71.08830429595335, 42.366684238208485
-71.08832364435573, 42.36647707528305
-71.15895159424477, 42.38663058282088
-71.15973344377686, 42.38548286934524
-71.15892404524116, 42.384235479874015
-71.15808918465493, 42.38299726722349
-71.15310909663707, 42.38056321867084
-71.1534003434142, 42.38070119417246
-71.15286905817321, 42.379882033726766
-71.1526111162038, 42.37980532431421
-71.15242326317575, 42.378835472776366
-71.15221706227922, 42.37866501085985
-71.152010818211, 42.37785353995822
-71.15215550712993, 42.37777079462546
-71.15372746730054, 42.37881630757082
-71.15441857012804, 42.37819234961764
-71.15573227286751, 42.37906130669606
-71.15406890194012, 42.3777525432838
-71.15537678548124, 42.37807568917263
-71.15396553152644, 42.37734008751427
-71.1520219255997, 42.37721230001396
-71.15161215898554, 42.37629286956505
-71.15141606601921, 42.37551228059683
-71.1522981985476, 42.37503893094544
-71.15233514285705, 42.375806752756795
-71.1529453497136, 42.37509997607474
-71.15295855311592, 42.37567483101086
-71.1546791692909, 42.37526107649774
-71.15418795155534, 42.37620675914816
-71.15311864738875, 42.376189087136815
-71.15066292659516, 42.37486206340111
-71.15003609781697, 42.37524616440467
-71.15007841886855, 42.376206366707706
-71.15040048391174, 42.37656342026271
-71.15061232969394, 42.37724867663114
-71.15050983997753, 42.37755316585828
-71.15071296403909, 42.378111910257644
-71.15095913840987, 42.37818852568217
-71.15085326116076, 42.37880851489335
-71.15121873947582, 42.37973909220138
-71.14976162135306, 42.379052153093156
-71.14847405108338, 42.37880515072327
-71.14888697567426, 42.378036029070074
-71.14933853001646, 42.377186558992726
-71.1456439053697, 42.379295683086994
-71.14578585293212, 42.3785410691595
-71.14479705553916, 42.37620686123128
-71.14434562868671, 42.37667812606249
-71.14328344974909, 42.3769180491563
-71.14411076170175, 42.37738230848394
-71.14477238214275, 42.37817442752755
-71.14435604144786, 42.37893768255412
-71.14219208369384, 42.37744704746216
-71.14217277944888, 42.37600331728109
-71.14250018685263, 42.375869420552576
-71.14417166256608, 42.37555250499403
-71.14579333774823, 42.37555089045517
-71.14607727717663, 42.37619677198771
-71.14637126950869, 42.37685297300182
-71.14705230487759, 42.37860333384348
-71.14738256289377, 42.37843686169175
-71.14675108224169, 42.376999297603575
-71.14605257682263, 42.37541544884819
-71.14671257900903, 42.37522175274635
-71.14790053451861, 42.37509101536373
-71.14827471434609, 42.376390951035724
-71.14833859762865, 42.376821226472266
-71.14935184719045, 42.37496995355575
-71.14102804368184, 42.375201429390685
-71.14147220599213, 42.3757358712395
-71.14345024658004, 42.37804824534544
-71.14443921722254, 42.37985216705603
-71.14430449663664, 42.38013201826187
-71.14365379549011, 42.38030245107538
-71.14039016097433, 42.37628481556505
-71.1398684128128, 42.376499067796956
-71.14022875736676, 42.377516186274434
-71.14071401905761, 42.378886284627136
-71.14104134117721, 42.37981426729265
-71.14128686532662, 42.380502566391634
-71.14139363618604, 42.38081631692436
-71.14115904106498, 42.380786142482535
-71.14186029297088, 42.3821428784202
-71.1429868675963, 42.3825509997562
-71.13868891176735, 42.376614278340064
-71.1401218782346, 42.38102348785212
-71.1406538478705, 42.38253003674734
-71.14201473737336, 42.383153183951215
-71.14105538553108, 42.38334323976201
-71.14121914708352, 42.38413366170224
-71.13715729747284, 42.3824139039759
-71.13645046445286, 42.3821753460393
-71.13660299982759, 42.38146975088083
-71.13747276046942, 42.381374849881816
-71.13807514922813, 42.381358598787536
-71.13805731214846, 42.382115704749644
-71.13457384874498, 42.381596848110284
-71.1339410423533, 42.379162695062966
-71.13687277956673, 42.37778337856239
-71.1353659489644, 42.38038893425207
-71.137436870481, 42.381181100110865
-71.13790138488261, 42.378589104288956
-71.1374545381412, 42.37685198687441
-71.13483712880556, 42.37716125366153
-71.13340923142125, 42.37480825230514
-71.13545307455631, 42.37506720004201
-71.13597721036962, 42.37693041285373
-71.13562546183356, 42.37588185832382
-71.13762025063991, 42.37580420118058
-71.13649431788578, 42.37518653482526
-71.13760675818084, 42.37498320188564
-71.13906400848084, 42.37493985048434
-71.13979607779991, 42.373718961666334
-71.13982228355334, 42.373005442367884
-71.14005305651449, 42.37122618133258
-71.13937448377722, 42.372309130173065
-71.13699199019277, 42.372428681661475
-71.13827099679388, 42.37262605538513
-71.13888825148979, 42.37317678820944
-71.13895092173685, 42.37416009592684
-71.13528759617849, 42.37302716694571
-71.13427760223813, 42.372094969632464
-71.13596574834443, 42.37417525675055
-71.12418567666566, 42.373738915027566
-71.09116686784104, 42.363968714423976
-71.09125869232024, 42.36303160030587
-71.07972891971139, 42.36318348994109
-71.0819418247638, 42.36377949373885
-71.15014700800634, 42.395650312213164
-71.14877566224362, 42.395798302937685
-71.14990475370556, 42.39515724062377
-71.14868405249838, 42.39494876067317
-71.09106743193492, 42.36741706526822
-71.13695389294217, 42.391812155788564
-71.14318085217691, 42.392823365320965
-71.141466005531, 42.392521417789354
-71.13535772416478, 42.374366708187964
-71.13449111785894, 42.37358913112951
-71.13552448848304, 42.371318533823235
-71.07261321241538, 42.37001243616079
-71.11774288188546, 42.3768011462558
-71.11605018398089, 42.37377485030074
-71.11859332358469, 42.37386987050627
-71.11789901803195, 42.37408867430013
-71.11761030207529, 42.378446212225086
-71.11770414251, 42.375227592804656
-71.11455432365892, 42.37846551776641
-71.11423184681544, 42.37762500684737
-71.11492283265329, 42.3772557635369
-71.11457856735753, 42.359925300575114
-71.11503215603413, 42.35937808831181
-71.11577552574013, 42.36663654664657
-71.12514267998492, 42.38159338360521
-71.10283252903277, 42.354054836654704
-71.10378193144375, 42.35431125626971
-71.10442890466332, 42.355533767546014
-71.10336890563852, 42.35605967022075
-71.11501209470444, 42.37510839670943
-71.1186955446538, 42.37520242119062
-71.1325247875268, 42.398294569136674
-71.085070215421, 42.36742794343352
-71.12117090692303, 42.37281080820416
-71.09473626691197, 42.36510210523556
-71.07842714372548, 42.372079102197446
-71.0793367140129, 42.36400623769167
-71.0803102675776, 42.364130868433165
-71.12095287088715, 42.37147624914101
-71.13283187399048, 42.3803065156408
-71.12802494861018, 42.37461032317505
-71.15018715386084, 42.3942209103655
-71.12021025676115, 42.37916467521218
-71.12019286610155, 42.378862528389405
-71.11456070353579, 42.37473699793343
-71.11566760715296, 42.37172345393069
-71.11590950207987, 42.37133401249945
-71.11755953353202, 42.37180710815999
-71.13207593432092, 42.383310474795984
-71.1180059799819, 42.373003536962884
-71.1184666461985, 42.37201855600625
-71.12218027006485, 42.37024613050572
-71.12142734198534, 42.37115188687228
-71.1194230472291, 42.373343852925586
-71.12099285524836, 42.37347714538019
-71.12137089129754, 42.37305463519739
-71.12161066437118, 42.37208717291757
-71.12356785209941, 42.37271919147507
-71.12348086732167, 42.37347858003605
-71.12402256962511, 42.3738274777642
-71.12454603176154, 42.37164731897243
-71.12518645018454, 42.37232003484759
-71.12597487624815, 42.372941541180545
-71.1265174347065, 42.373810698199215
-71.12430996582097, 42.375805105732795
-71.12564188716635, 42.37612007826659
-71.1259286955271, 42.37546468281724
-71.12629009210845, 42.37464606975526
-71.11911472726321, 42.374466368876085
-71.1191393336302, 42.373890161745464
-71.11993550121097, 42.37442909042573
-71.12168839824935, 42.37407807225267
-71.1207976091122, 42.37507538085381
-71.12235487413285, 42.374775018192004
-71.12407180490402, 42.37726454853339
-71.12153857214915, 42.37555920049143
-71.12544313344952, 42.37770314190421
-71.1246685514813, 42.37878486414307
-71.12334256066802, 42.378079957620315
-71.1224463264683, 42.37669338780442
-71.1211462599753, 42.37595832140559
-71.12016459172038, 42.37552217021156
-71.11946919668246, 42.37661747981636
-71.12000288166156, 42.37774001479323
-71.1209602202559, 42.37886017646772
-71.12220827649932, 42.37854487726734
-71.11804772138537, 42.37984604729255
-71.1196991142058, 42.38076989600343
-71.11810143640892, 42.38081999261006
-71.11805762472267, 42.38168860534173
-71.1195130166796, 42.382518210348735
-71.1182475095247, 42.382541073816796
-71.11716303104862, 42.382533622553744
-71.11939391500732, 42.38359619168156
-71.1191316476193, 42.38381909722207
-71.11794230324996, 42.38376739855138
-71.11618703206584, 42.383693649305414
-71.11396794480106, 42.38345687421231
-71.11394801713122, 42.382622361332714
-71.11301740866455, 42.38285751945005
-71.11628848527997, 42.38247032934543
-71.1164183580661, 42.3816189798189
-71.1137597826398, 42.38125632930125
-71.11162288754012, 42.381703365405556
-71.1131063758666, 42.382626321398455
-71.11306478332837, 42.38220348273378
-71.11404216132244, 42.38194391144016
-71.11319964751311, 42.38136227475744
-71.11531055197518, 42.376320686748514
-71.11393692319693, 42.37672649702899
-71.1115573343665, 42.37710952975899
-71.11180256736112, 42.37807320493456
-71.11217612577866, 42.37957863041469
-71.11121987512658, 42.380732270851844
-71.1108970102123, 42.37826552693052
-71.11039012211587, 42.378270940822716
-71.10952169711203, 42.37836863356273
-71.10944464491494, 42.379515246022244
-71.1096067031658, 42.377521123254056
-71.10861273249688, 42.375868450497116
-71.1087542942399, 42.37548160702738
-71.10884670869504, 42.37489733426508
-71.10901790407945, 42.37472013117237
-71.11008628814325, 42.37503916461431
-71.10968666857096, 42.37666262533848
-71.11049357091818, 42.37729699664789
-71.11161378667448, 42.37576931758068
-71.11101610196488, 42.375172776817145
-71.11091680157395, 42.37496297563188
-71.1127536659617, 42.37540676754937
-71.1126115593095, 42.37603311234866
-71.11414319280254, 42.37552175525309
-71.11475624562972, 42.375444913561225
-71.11349717297793, 42.37524787624683
-71.1142655534701, 42.37215853655208
-71.11387408522219, 42.373129100397804
-71.11254306289912, 42.3737644391038
-71.11295793310245, 42.372925331982984
-71.11344440268043, 42.37194136236502
-71.11372151514611, 42.3718678893957
-71.1129826738186, 42.370189678219816
-71.1124178795457, 42.37074712373998
-71.11085292530811, 42.373071823676796
-71.11336691909274, 42.370216486013234
-71.11414079736676, 42.37092747445214
-71.1133647584434, 42.37129335674156
-71.11447232179736, 42.371118367133015
-71.09841026841598, 42.36326778771069
-71.09845014957206, 42.36349910899702
-71.09899277190654, 42.36380727169665
-71.0996266877669, 42.364183768542404
-71.10097461763122, 42.363894271880675
-71.10072828697677, 42.364390508169755
-71.1003382087288, 42.364606265063955
-71.10137053189575, 42.36518130919401
-71.10199045948416, 42.36457407383179
-71.10192043730603, 42.3644558214541
-71.102497170118, 42.36478143925648
-71.10303033078567, 42.36511776944693
-71.10274087645115, 42.36553276146023
-71.10237449657855, 42.365939426076864
-71.10416524282188, 42.366380499076804
-71.10476478537532, 42.36723776755868
-71.10549210730193, 42.366584213563215
-71.10367915034062, 42.365777823765185
-71.10300990281763, 42.36640747989117
-71.10249143626216, 42.36743930238989
-71.1016055399148, 42.36838341958547
-71.1008017308663, 42.36930116376375
-71.10277606115602, 42.36861290327515
-71.10187218382627, 42.36829162469952
-71.10074929964173, 42.36789149279952
-71.09965752680716, 42.367663331824396
-71.09830518886378, 42.36812547488992
-71.09873565544663, 42.36720004029347
-71.09997543303834, 42.366951346000484
-71.09945628345467, 42.36623101916874
-71.0987491462864, 42.365337349186625
-71.09968521024453, 42.36570673384413
-71.10077776847069, 42.366055391766565
-71.0978528205759, 42.366894969356494
-71.09803595823811, 42.36465459098832
-71.09714478904029, 42.36508124676771
-71.09649189143177, 42.36643138946048
-71.09651505128144, 42.367418607192754
-71.09539518591525, 42.36699151050672
-71.09263089593145, 42.36593895127616
-71.09066935814405, 42.36516376958065
-71.09271857393652, 42.3647830215628
-71.09299020204253, 42.3643087723949
-71.09364647353154, 42.36315572440723
-71.09534898410304, 42.362989208143894
-71.09615392420713, 42.3648773262413
-71.09567894644343, 42.366093039934
-71.09340828850173, 42.365136296943994
-71.09482572356613, 42.36459380230737
-71.09254442981192, 42.362958797292286
-71.08797157746795, 42.359021659007766
-71.0914775338272, 42.35785325648668
-71.10473509385577, 42.353677859380205
-71.10809480748749, 42.353544089745604
-71.10497177064691, 42.354419946489
-71.10508333384993, 42.35521547922832
-71.1031558624007, 42.35742990255923
-71.11033200235406, 42.35434471254033
-71.10809731167299, 42.35628185026046
-71.10544120243097, 42.35712529783658
-71.10603860210776, 42.359128727260085
-71.10314370779088, 42.35972829865891
-71.10374074439352, 42.360314012644544
-71.10231086918056, 42.36039166378642
-71.09924501486422, 42.361062064448625
-71.10047390711655, 42.360390913894015
-71.10070316046256, 42.361159507110514
-71.10066958688833, 42.362045124696905
-71.1018324832239, 42.362555294699746
-71.1011469277634, 42.36300083408272
-71.10296420315392, 42.361456512256844
-71.10233779086846, 42.36191581955759
-71.10116610282336, 42.36200720329173
-71.07671554104385, 42.370690329243395
-71.08222218810214, 42.371403372852626
-71.08397647334058, 42.37162255653778
-71.0797212968169, 42.37107915819963
-71.11833616448415, 42.37580191952006
-71.119162621648, 42.37497574742888
-71.1154531920423, 42.3724418742435
-71.08219738728883, 42.367912648518576
-71.09485814558393, 42.37417854714165
-71.12319510897476, 42.3855623511019
-71.11965796735566, 42.3880938967202
-71.12902206622587, 42.39063423504077
-71.09623091304842, 42.371688783655614
-71.15173208869116, 42.392374236243946
-71.0765019936521, 42.36904583679266
-71.1381574963466, 42.399692340745524
-71.08398363870319, 42.36814665957406
-71.1256333648087, 42.38329136125891
-71.09553898311113, 42.363757087588446
-71.08811062591755, 42.372980793159805
-71.10897430149306, 42.373725310301424
-71.11484244676763, 42.36779003643162
-71.10466535020738, 42.36610367188318
-71.10240814161614, 42.35865612019283
-71.10161813851347, 42.35904649783058
-71.09897544250194, 42.355929229073276
-71.09978533607867, 42.35565394071232
-71.09655518870653, 42.35683337497319
-71.09575626071576, 42.35710006273067
-71.09294004335233, 42.35746462910808
-71.09258493963333, 42.357603627915694
-71.09331089517941, 42.35823460597992
-71.09333650553837, 42.359038382624504
-71.09383353951964, 42.35905079726247
-71.09419248375241, 42.3594285571448
-71.09538459031555, 42.35839342482115
-71.09482626206531, 42.357753675300856
-71.09419322220376, 42.35984371235187
-71.09445309481752, 42.36046009630833
-71.09556266631596, 42.35999853309544
-71.0980402899968, 42.360231523194344
-71.09798089736773, 42.359855356361344
-71.09943125679048, 42.35920348073437
-71.09993878197439, 42.35897884149977
-71.09703959848494, 42.35927522555775
-71.08165031822075, 42.36128696664678
-71.11362311757878, 42.36776183600171
-71.10137897719244, 42.355165050531994
-71.08423682235441, 42.36522957043679
-71.07583644091304, 42.371016950033024
-71.07032520700005, 42.3702320586423
-71.14209475390172, 42.39391914055579
-71.13598955673346, 42.389819595028534
-71.08658331945097, 42.3660976251992
-71.15327976387931, 42.380067962308644
-71.15533830697909, 42.38141624596279
-71.0947408304095, 42.361450995986985
-71.12869763625461, 42.389575601855434
-71.1429142473569, 42.39048116924627
-71.09875871018096, 42.370497150763406
-71.13499598976432, 42.371658497528415
-71.07326222194793, 42.36941126263309
-71.11600047553803, 42.38423194602322
-71.10773397134908, 42.37890090761478
-71.11538016921233, 42.3644253986161
-71.12010218688314, 42.37083661957189
-71.11975358928814, 42.37633662471451
-71.11988871179571, 42.37904504203806
-71.11970635036062, 42.37991550797482
-71.11905357680787, 42.37988504753306
-71.13503794260215, 42.39748793579416
-71.13771299787945, 42.397614091277376
-71.0697472621224, 42.3706264653455
-71.06900175339374, 42.37116537418718
-71.06931092553626, 42.37008939082562
-71.11221021462892, 42.375042610376816
-71.10831704539075, 42.374595562805304
-71.06913639026688, 42.36997688153035
-71.13945535048447, 42.38491440686238
-71.13862164321205, 42.371886656308206
-71.10053200060023, 42.354827245498264
-71.09904347979224, 42.3553237889437
-71.13860234351974, 42.37669146973876
-71.13883439393476, 42.377776783458685
-71.13919796004491, 42.37880495816298
-71.1400270335712, 42.38074406483382
-71.1395901900123, 42.37991157975216
-71.11642620306691, 42.378540416250424
-71.116480615736, 42.37796733742488
-71.11613873271033, 42.3770891562145
-71.11568469360715, 42.37671311062531
-71.11366173628443, 42.37424314403356
-71.13528514993735, 42.400407722586294
-71.13585310532878, 42.400650093106776
-71.08331892408803, 42.36151774066243
-71.12659965594952, 42.3763926475649
-71.127746050722, 42.37674610483969
-71.1482481112642, 42.397787375690065
-71.1469712657244, 42.397796715250834
-71.14814247893898, 42.39849237041277
-71.14862849751627, 42.3995645914674
-71.14652642242231, 42.398203281548284
-71.0937854014928, 42.357890047087025
-71.11416167465391, 42.35640498954199
-71.11440325240312, 42.35622889042333
-71.06999755556866, 42.369848518426956
-71.11922980630814, 42.38448119477382
-71.1175590936382, 42.38447267353183
-71.11616615761052, 42.38440992934616
-71.11491339121885, 42.38428924293257
-71.12449063733719, 42.37319837177595
-71.09652034826426, 42.3605405297284
-71.08905221327878, 42.36397523053772
-71.1028656111204, 42.35538731126834
-71.09947073960375, 42.35580083917794
-71.09739878295862, 42.35648869933587
-71.11568376882028, 42.36367843928053
-71.13906904575722, 42.37104763777325
-71.13911149069979, 42.37174993586945
-71.14517431158583, 42.395329734162665
-71.14438794574319, 42.3951807501815
-71.07312473519858, 42.371019456634755
-71.14584041746697, 42.37781239264761
-71.15378001572913, 42.375183268769106
-71.15349731335286, 42.39240986660325
-71.12969202507021, 42.377006899439415
-71.13704850772356, 42.384391310553276
-71.13040981339607, 42.385426314242615
-71.11084350693898, 42.365630029871575
-71.10757977498668, 42.362999751807905
-71.11415126613969, 42.357584928540206
-71.10779379903046, 42.36105066368289
-71.10360278788863, 42.36172564043229
-71.09899377986414, 42.37341662174875
-71.09034786742475, 42.36092367218546
-71.15209122762994, 42.39317652352017
-71.13527896228895, 42.399826563915
-71.08343959989482, 42.36202224482319
-71.06882285002033, 42.37010122098443
-71.13615276039756, 42.39901146635932
-71.08219746064124, 42.36101340047344
-71.13337238542162, 42.37628285518395
-71.11407811195414, 42.37963173563949
-71.11886856100568, 42.37320807549692
-71.11362308922338, 42.38063802865897
-71.11269107291498, 42.38063682075512
-71.11449304441012, 42.38086388978375
-71.11461120594362, 42.380683544152326
-71.1165337254662, 42.38079301401222
-71.11664784016233, 42.3797677549027
-71.11674517854884, 42.37891726681069
-71.11614109597784, 42.37973843672742
-71.1148243489897, 42.378903854354135
-71.11437287599217, 42.378982220911446
-71.114877978497, 42.379385967995454
-71.1573440762462, 42.39143362022897
-71.15224682729728, 42.39040594700838
-71.14167976462109, 42.39673737479991
-71.13637659651725, 42.39853651778107
-71.13191981906435, 42.39945141144148
-71.09525228041453, 42.35920756838976
-71.09429320453141, 42.3599802823186
-71.09308583906945, 42.35961161865327
-71.09273590852933, 42.359731353005245
-71.09322131718889, 42.36007605750006
-71.09182753517743, 42.3602047939914
-71.09279265472938, 42.35878941340512
-71.09238716488468, 42.35818484574738
-71.08961450181029, 42.360624282332516
-71.09046779923368, 42.36034797783628
-71.08873326183814, 42.359887156792375
-71.09062429996263, 42.35928162177402
-71.09026419459937, 42.35889267381022
-71.08976242813732, 42.35936925383183
-71.09130889378315, 42.36129606253805
-71.09170470175303, 42.36093175995268
-71.0924971920991, 42.36061704404313
-71.0882435197267, 42.36121226826932
-71.0942530855001, 42.372113283225055
-71.10138978894551, 42.35699753887661
-71.14610180557726, 42.38927479385447
-71.14411198102731, 42.38851246922649
-71.0903089836624, 42.36593019827571
-71.08301245643331, 42.364832388626866
-71.07551563055057, 42.369801509841935
-71.10673855737392, 42.35654942337866
-71.10746287615571, 42.35600943869608
-71.1401945111926, 42.39906915426666
-71.0689858543616, 42.36923166097967
-71.1081696609966, 42.35533428207264
-71.12561952959194, 42.37629579406147
-71.11022629869234, 42.35489110907348
-71.106791476941, 42.35505425705128
-71.10648561871572, 42.35525222652391
-71.11101348700363, 42.375761897198274
-71.11078984014506, 42.37610118532479
-71.14930088878234, 42.389925507351116
-71.15060870640957, 42.39018790933204
-71.13983110054222, 42.395996986628816
-71.11424293239877, 42.38036657476148
-71.0749221595314, 42.369213294672576
-71.11935321391734, 42.3723446069403
-71.08218126068388, 42.36380656636665
-71.11643887533118, 42.379562609816055
-71.09675255966091, 42.35609225403632
-71.09523633302288, 42.3565997192218
-71.09415393185476, 42.35696066563267
-71.09799026004683, 42.35567857375692
-71.10003137912634, 42.357676719739466
-71.09822491147816, 42.35856099860177
-71.09920571833865, 42.35808130587446
-71.10042533218042, 42.35920282095865
-71.1018452561935, 42.35820048306588
-71.0963247006436, 42.35953698498828
-71.08341509903184, 42.36590922808762
-71.10190881355041, 42.37279078230336
-71.13406062057666, 42.3898380899162
-71.1479944836155, 42.38967812707246
-71.15701439411525, 42.39079065230679
-71.15707472934217, 42.39104156086006
-71.12408578852293, 42.370988854682224
-71.10333867452312, 42.35469798987634
-71.07886640154331, 42.36663106696692
-71.1460910904518, 42.392465758075126
-71.14707718414958, 42.392988632798804
-71.15066765557155, 42.397898260154435
-71.15033623059293, 42.397759813428365
-71.14913499549534, 42.397749735279994
-71.14955011485792, 42.397754494579395
-71.14928993325752, 42.3985858856908
-71.11910442861033, 42.38839146350443
-71.15018310293793, 42.39854476109629
-71.07588235635477, 42.36668965562065
-71.13773952063002, 42.37406962971229
-71.09382841112028, 42.36213707311216
-71.13263581753165, 42.39033192340513
-71.12874312068068, 42.39632042338154
-71.12756178316259, 42.397053795201344
-71.12700236793715, 42.39645147224246
-71.12818370231602, 42.39579533584223
-71.1274572626412, 42.395236028442675
-71.10818360619741, 42.37781990980119
-71.13011181945593, 42.383085950062195
-71.10970440114556, 42.37951373078142
-71.11031421536484, 42.37888062204184
-71.1220462286763, 42.37759655631916
-71.09722864261587, 42.36798351841102
-71.12907639274322, 42.38750572059297
-71.12897765902615, 42.388661424129744
-71.14221897603075, 42.3803860137719
-71.14177741832324, 42.37913456438767
-71.14128065682483, 42.377538030432596
-71.120913773483, 42.37779305552805
-71.11588694906372, 42.36443163364073
-71.12641800432475, 42.395915326721905
-71.07851896855753, 42.370727261512215
-71.10729464899343, 42.36671628628788
-71.14653389338216, 42.39488590247525
-71.13040969430025, 42.38382330198441
-71.14595425273218, 42.38983230997745
-71.14600712908343, 42.39064588357695
-71.14840867445031, 42.393128490734576
-71.14922233877061, 42.393266388855125
-71.11348695307129, 42.3594150512918
-71.14375976325103, 42.38924514505723
-71.14417539077888, 42.38881518761334
-71.11247353823379, 42.35795390019133
-71.11094268286384, 42.357120507925224
-71.11226280558448, 42.357849671076025
-71.13886787718208, 42.38126600458862
-71.12652518675445, 42.38206374343384
-71.13931700387943, 42.38284542376136
-71.07696594759084, 42.365126870306995
-71.08447007508092, 42.366756142074806
-71.08416053052711, 42.366788798744025
-71.0802995065034, 42.36347198391437
-71.08823753383416, 42.36366626236253
-71.14322533656647, 42.38276367982084
-71.10733495879079, 42.364978567756424
-71.10509583696484, 42.36536364897894
-71.11064708344485, 42.36469072974158
-71.11890448481002, 42.386773732385855
-71.11826086466762, 42.386811285670134
-71.10992505951204, 42.36469538617582
-71.15530351947636, 42.3907917028124
-71.15404812628901, 42.390639931952954
-71.15643732356854, 42.39096886280865
-71.14824970933397, 42.3895369411499
-71.14692358356157, 42.38943110323399
-71.14520513954639, 42.3890626024626
-71.10611206072888, 42.35470718815641
-71.1047207692991, 42.36056104508374
-71.12834435570714, 42.38349931572877
-71.12958889129526, 42.38369933694941
-71.09962380845933, 42.3739168899979
-71.09006322100768, 42.37152857479486
-71.08858853362595, 42.372023786918916
-71.12078342693907, 42.37713199968445
-71.09690422527608, 42.36676905367376
-71.1369850704048, 42.38316581311277
-71.09549118867116, 42.36181225151924
-71.1329676645824, 42.38501131547845
-71.13457247678201, 42.40221333208338
-71.13338702780992, 42.40158127333231
-71.11699312865677, 42.37357744058031
-71.11678723041938, 42.37413081829304
-71.11662529690997, 42.374727902538794
-71.08062212388899, 42.3662640662857
-71.08179861529851, 42.36641127460383
-71.13792211044347, 42.38568532128378
-71.0772067075145, 42.369806696137616
-71.07379885448502, 42.36879389659975
-71.07816033440878, 42.37235009408206
-71.07773542946735, 42.37283172717973
-71.13609489793858, 42.383990136415356
-71.13431545877542, 42.38469823992556
-71.13566421441273, 42.38465260778512
-71.12229083760576, 42.38637146618147
-71.0843049681761, 42.36212239638448
-71.15016126708346, 42.39336172535053
-71.07251097030006, 42.3716047802365
-71.07200207862847, 42.37200306149553
-71.0718421066044, 42.37113333338822
-71.07211809032155, 42.370808290564455
-71.07425140369703, 42.371262752291855
-71.07351215185767, 42.37057363504208
-71.07514067920923, 42.37145386143571
-71.07547239118414, 42.37108567456699
-71.07546322393989, 42.370992817056624
-71.07451294312305, 42.3708813151874
-71.07321974195004, 42.37059448686194
-71.10060900988016, 42.36343646406043
-71.1526459486574, 42.39070192089927
-71.13858747879134, 42.38577987100119
-71.15302053465743, 42.39381661146271
-71.15206141409831, 42.391491901030186
-71.11307970637199, 42.37958778017489
-71.11718467080635, 42.37266054672374
-71.08444640197558, 42.36101315226919
-71.08414582520744, 42.36030295290087
-71.08545838693607, 42.35986408335179
-71.1116367575785, 42.36540672157882
-71.1117023364357, 42.365841645338705
-71.11244423930046, 42.36627580392676
-71.09906985718428, 42.362527064318755
-71.09952629087778, 42.362252354580434
-71.14384974467544, 42.381349276196346
-71.14341889279301, 42.38015262189784
-71.14296752873557, 42.37900187534289
-71.1273095554976, 42.38268979020752
-71.1280805068751, 42.383107052223764
-71.07852610234028, 42.36459299011175
-71.07938921918276, 42.364704087418026
-71.14208670007788, 42.377684664539615
-71.13946110657571, 42.38174470303537
-71.13690670503236, 42.381256705281416
-71.13701461028232, 42.39941361934659
-71.134340673705, 42.3974482771285
-71.1009622806041, 42.37107465291762
-71.10029911578698, 42.37200520702792
-71.13218323900591, 42.385447956614684
-71.13147424986288, 42.384893184419624
-71.13081147338828, 42.38440523508607
-71.11691282777697, 42.36926330929561
-71.08823233105332, 42.36144967472318
-71.11624524185986, 42.369084562748945
-71.10188863225459, 42.36976953909436
-71.08792750986458, 42.36064634288019
-71.08811499572968, 42.360948347608954
-71.12838283473154, 42.3877973494207
-71.1351235992915, 42.38682120202245
-71.13561065734623, 42.387309363756934
-71.13576919860054, 42.386506115461394
-71.10056884010032, 42.37334030503573
-71.0893586846176, 42.36275587178549
-71.08786883014092, 42.362633625949236
-71.13525907443002, 42.39856933312055
-71.1317938810496, 42.39901950428853
-71.13824095406603, 42.38397108432691
-71.13731954324741, 42.385099296559694
-71.0781458495621, 42.36577362309713
-71.11268460475229, 42.37402142915663
-71.14210391217482, 42.38822842603966
-71.14110713976324, 42.388705222213815
-71.13788673156682, 42.383379549567145
-71.08067426074145, 42.36835777160534
-71.09919228013591, 42.36478533082726
-71.0947774361582, 42.362829422245845
-71.09606540391322, 42.36399082280548
-71.09605269190111, 42.36371803784735
-71.09570937598693, 42.365240753893296
-71.10247790198635, 42.356501574691116
-71.09673036785064, 42.365859499353405
-71.09662929255455, 42.363383347183714
-71.09112977505168, 42.36270633007934
-71.09740084930895, 42.36040507428364
-71.09948271229997, 42.35853459896351
-71.081762923427, 42.373462155589834
-71.13756207078667, 42.37997219004637
-71.10066832294494, 42.358777322564016
-71.08175656734359, 42.36116502773344
-71.08014727440795, 42.36168213121578
-71.08184497895448, 42.361874026482134
-71.08037558433173, 42.36176562916743
-71.1101341635774, 42.35542542259353
-71.12794793884682, 42.37923886696886
-71.1170362042401, 42.37154020461155
-71.08956937185619, 42.36260169543113
-71.08837198849963, 42.3625079908606
-71.08574566491323, 42.36246344134407
-71.08848596420296, 42.36269307042377
-71.08542736383286, 42.36243922955612
-71.08679771013719, 42.36254349161756
-71.10474871019665, 42.3649731265753
-71.09911968355173, 42.363462443464435
-71.12868913295623, 42.379703077014554
-71.15026105779951, 42.39999770170487
-71.13355439179351, 42.39740795094179
-71.13191881457887, 42.3922874636105
-71.1290908072057, 42.38012949047511
-71.12996712935076, 42.3802830671617
-71.14669697960655, 42.393804768626765
-71.146624720003, 42.39409860319966
-71.1456914999308, 42.39347680915059
-71.14445958865758, 42.39318747319406
-71.1446096197176, 42.39385265602249
-71.1456055576209, 42.39403785232154
-71.11107738914433, 42.36636031962851
-71.11022797066482, 42.36665428841053
-71.07879317240413, 42.37327089323191
-71.08318642326758, 42.36067605592662
-71.11188095094056, 42.37155174727307
-71.13922006403595, 42.38732339379995
-71.12236444188832, 42.37254280445059
-71.11993595515504, 42.382239508517934
-71.12039856496504, 42.383374570266064
-71.1382582280183, 42.3811193132825
-71.11212876492576, 42.36751438534411
-71.13428131199012, 42.38307104725245
-71.13420652523308, 42.38086593856569
-71.13418369863707, 42.38131350542655
-71.13423264852479, 42.38227858331395
-71.14331170223, 42.38296012841749
-71.10406706969856, 42.359699720136
-71.1395485122635, 42.38369793237393
-71.11483488366916, 42.36877775686645
-71.12104835041204, 42.38308038662703
-71.1353165453858, 42.39563037900668
-71.13313575385789, 42.39568600736777
-71.13069691888359, 42.385675605611574
-71.13506485049281, 42.381167653525
-71.13621525412904, 42.379942258133994
-71.08607612794762, 42.36975914666761
-71.08019970922317, 42.363967749329355
-71.11745908056292, 42.38662627791522
-71.10604755615789, 42.36167917177682
-71.1088072132862, 42.3590801140081
-71.07882551347865, 42.3715469674586
-71.07794630327032, 42.37068047182556
-71.0866622268468, 42.369830408500235
-71.13564378906088, 42.39357054826286
-71.13575530355932, 42.39293779487042
-71.13634245080617, 42.39249327431578
-71.1367363569381, 42.392979611377314
-71.14259644455583, 42.38781293532217
-71.11988233233527, 42.369980402334335
-71.13590118222811, 42.38131269205581
-71.11778225365826, 42.37031384573443
-71.13411580811653, 42.3799112630223
-71.12730312426555, 42.37981413681355
-71.14515071406342, 42.3918756037244
-71.13340155451624, 42.37784369790558
-71.13352561763736, 42.37827542547294
-71.13805489513926, 42.3870931169393
-71.13964685570896, 42.38644271964188
-71.13667399729782, 42.38611415194813
-71.1357465079128, 42.38639832804303
-71.12184813346747, 42.37172124016217
-71.07145345457393, 42.368202155518375
-71.07062134974083, 42.367708747190996
-71.06995258954845, 42.36736592148653
-71.14630429733013, 42.39873408868046
-71.14221703788661, 42.38391712154544
-71.11853914194559, 42.374635046891164
-71.08705803030297, 42.362318933154576
-71.0830598533444, 42.372080752433604
-71.08456757730589, 42.37227325328368
-71.08383835577435, 42.372203447498954
-71.08522943977194, 42.37253501111548
-71.08493883788859, 42.3732250272673
-71.08710017836235, 42.36699607276264
-71.1066063475173, 42.35446164309007
-71.1027497032836, 42.36468941175524
-71.08527795295997, 42.368950363578705
-71.08593857219944, 42.37029947797744
-71.0851739077582, 42.36969502849347
-71.12042088819904, 42.38998734363501
-71.13094977473814, 42.39575244081034
-71.12954159928456, 42.39185411112523
-71.11905869624063, 42.38540245768661
-71.10806332561636, 42.359511323907064
-71.08162138970097, 42.365483944706114
-71.09457154767641, 42.36007365119862
-71.08766074369147, 42.36343119240634
-71.09488628237241, 42.36004298120089
-71.10582461557847, 42.35742663197297
-71.08071869971461, 42.36536273236578
-71.07985761534998, 42.36504578878497
-71.08483159176062, 42.370883473809776
-71.08635576967818, 42.370510467167676
-71.08292553375621, 42.36726244660786
-71.07337087832737, 42.369152029207854
-71.13300318427822, 42.38110987566575
-71.08674991519328, 42.360242830855995
-71.10490148443961, 42.362700732019306
-71.08818000268683, 42.363170342846416
-71.11571467400168, 42.385103389553706
-71.11760349205588, 42.385336687270446
-71.11624385832337, 42.38587469897141
-71.13220595298809, 42.395707821610074
-71.1360716270917, 42.39249293175066
-71.10776757330063, 42.37532360467692
-71.10675919564446, 42.3768003346577
-71.10739203084636, 42.377997428826625
-71.10715688908859, 42.37740112052508
-71.09018654144111, 42.36981034027929
-71.09640153322712, 42.36310981640785
-71.0943573625155, 42.36373170506003
-71.1458333158578, 42.391855190028856
-71.08646098612788, 42.3605915697547
-71.08613400102105, 42.361380032393235
-71.08611081449004, 42.36181490528052
-71.11812364453519, 42.38580435198603
-71.08548897423879, 42.36827928237213
-71.08746167908443, 42.365239244325934
-71.08483159176062, 42.370883473809776
-71.10735900496068, 42.37652258923975
-71.13592345910995, 42.381491078776804
-71.13624352623853, 42.37892483052914
-71.13221472848639, 42.38136921545441
-71.103710777637, 42.363577592776615
-71.08409192428174, 42.36077898037668
-71.11321999498615, 42.37857637354129
-71.10406058861182, 42.36537291846798
-71.13372478544875, 42.400109037495575
-71.08525712803278, 42.36089545215238
-71.11452309226007, 42.371136402066746
-71.08900900065092, 42.36475521714861
-71.12266609995507, 42.38840957110588
-71.14833869530351, 42.391913827788
-71.10378019694991, 42.357767055691205
-71.08373660489325, 42.36367957068497
-71.06828965590988, 42.37026249312432
-71.15415890123161, 42.38077229464367
-71.11957464040246, 42.39053156818955
-71.11368839431884, 42.36443429644414
-71.111850438178, 42.35967223069872
-71.11122602214147, 42.360239502358766
-71.10649022291146, 42.36535271730309
-71.0986744156487, 42.3725205893697
-71.07970966998813, 42.36523957570296
-71.07865297142884, 42.365102376215
-71.07336246554074, 42.37179338821691
-71.15170423268881, 42.40049358522734
-71.07582724258351, 42.37198792697958
-71.0762355278467, 42.37153077937641
-71.12373902934439, 42.38859457098778
-71.0802773974637, 42.369707930784514
-71.10966863736442, 42.355037722360244
-71.11628364821523, 42.385242640167085
